D,dD,k,b,dk,db
0.000283084980518553,6.473697622789843e-06,-0.0013783809154889982,-4.377780816110889,9.464072356668125e-07,0.0002984754051166285
