D,dD,k,b,dk,db
0.0003723890479200028,8.512957352227659e-06,-0.0018132150842118215,-4.356208774262154,5.887583173269714e-07,0.00014869385609514915
