D,dD,k,b,dk,db
0.00022039244991763613,5.042527226303266e-06,-0.0010731220933299385,-4.311835980642221,1.0687053283695733e-06,0.000441903202091575
