D,dD,k,b,dk,db
0.0011201336833341017,2.5606616447386855e-05,-0.005454089754517842,-4.491500966273974,1.7461612707480815e-06,0.0001542197471213081
