D,dD,k,b,dk,db
0.0005538113696791161,1.2661388834358139e-05,-0.0026965860970376925,-4.359451625729494,1.181242419193686e-06,0.0001952181758878833
